time(s),voltage (v)
0.0,0.0
1.0005002501250626e-06,0.01257257413544049
2.001000500250125e-06,0.02514465143046724
3.0015007503751877e-06,0.037715735064300544
4.00200100050025e-06,0.050285328255427995
5.002501250625313e-06,0.0628529342812362
6.003001500750375e-06,0.07541805649764018
7.003501750875438e-06,0.08798019835870956
8.0040020010005e-06,0.10053886343629113
9.004502251125564e-06,0.11309355543962643
1.0005002501250626e-05,0.12564377823496414
1.1005502751375687e-05,0.13818903586516626
1.200600300150075e-05,0.15072883256930708
1.3006503251625814e-05,0.16326267280226467
1.4007003501750876e-05,0.17579006125430374
1.5007503751875938e-05,0.18831050287064915
1.6008004002001e-05,0.20082350287104944
1.7008504252126064e-05,0.21332856676932926
1.8009004502251128e-05,0.2258252003929307
1.9009504752376188e-05,0.2383129099024415
2.001000500250125e-05,0.25079120181111103
2.1010505252626315e-05,0.2632595830043512
2.2011005502751375e-05,0.27571756075922366
2.3011505752876438e-05,0.28816464276391107
2.40120060030015e-05,0.300600337137172
2.5012506253126565e-05,0.31302415244777904
2.6013006503251628e-05,0.3254355977339395
2.7013506753376688e-05,0.33783418252269637
2.8014007003501752e-05,0.35021941684931146
2.9014507253626815e-05,0.3625908112766272
3.0015007503751875e-05,0.3749478769144084
3.101550775387694e-05,0.38729012543866226
3.2016008004002e-05,0.3996170691109351
3.301650825412706e-05,0.41192822079758784
3.401700850425213e-05,0.42422309398904556
3.501750875437719e-05,0.43650120281902366
3.6018009004502256e-05,0.4487620620837281
3.7018509254627316e-05,0.46100518726102957
3.8019009504752376e-05,0.47323009452961096
3.901950975487744e-05,0.4854363007880868
4.00200100050025e-05,0.49762332367409395
4.102051025512756e-05,0.5097906815833543
4.202101050525263e-05,0.521937893688706
4.302151075537769e-05,0.534064479959105
4.402201100550275e-05,0.5461699611785948
4.5022511255627816e-05,0.5582538589652443
4.6023011505752876e-05,0.5703156957900513
4.702351175587794e-05,0.5823549949958149
4.8024012006003e-05,0.594371280815971
4.902451225612806e-05,0.6063640783933937
5.002501250625313e-05,0.6183329137991607
5.102551275637819e-05,0.630277314051282
5.2026013006503257e-05,0.6421968071333909
5.3026513256628317e-05,0.6540909220133971
5.4027013506753377e-05,0.665959188662101
5.5027513756878443e-05,0.6778011380717682
5.6028014007003503e-05,0.6896163022746633
5.7028514257128563e-05,0.7014042143615437
5.802901450725363e-05,0.7131644085001096
5.902951475737869e-05,0.7248964199534143
6.003001500750375e-05,0.7365997850982278
6.103051525762882e-05,0.7482740414433597
6.203101550775388e-05,0.7599187276479353
6.303151575787894e-05,0.771533383539626
6.4032016008004e-05,0.7831175501328353
6.503251625812907e-05,0.7946707696468369
6.603301650825412e-05,0.8061925855238642
6.703351675837919e-05,0.8176825424471537
6.803401700850426e-05,0.8291401863589372
6.903451725862931e-05,0.8405650644783854
7.003501750875438e-05,0.8519567253195014
7.103551775887944e-05,0.8633147187089613
7.203601800900451e-05,0.8746385958039047
7.303651825912956e-05,0.8859279091096723
7.403701850925463e-05,0.8971822124974898
7.50375187593797e-05,0.9084010612220969
7.603801900950475e-05,0.9195840119393236
7.703851925962982e-05,0.9307306227236108
7.803901950975488e-05,0.9418404530854726
7.903951975987994e-05,0.9529130639889045
8.0040020010005e-05,0.9639480178687332
8.104052026013007e-05,0.9749448786479077
8.204102051025512e-05,0.9859032117547326
8.304152076038019e-05,0.9968225841400408
8.404202101050526e-05,1.0077025642943074
8.504252126063031e-05,1.0185427222647014
8.604302151075538e-05,1.029342629672077
8.704352176088045e-05,1.0401018597279017
8.80440220110055e-05,1.050819987251122
8.904452226113057e-05,1.0614965886849665
9.004502251125563e-05,1.0721312421136828
9.10455227613807e-05,1.0827235272792115
9.204602301150575e-05,1.0932730255977932
9.304652326163082e-05,1.1037793201765107
9.404702351175589e-05,1.1142419958297634
9.504752376188094e-05,1.1246606390956742
9.6048024012006e-05,1.1350348382524291
9.704852426213107e-05,1.145364183334547
9.804902451225613e-05,1.1556482661490812
9.904952476238119e-05,1.1658866802917502
0.00010005002501250626,1.1760790211629977
0.00010105052526263131,1.1862248859839808
0.00010205102551275638,1.1963238738124888
0.00010305152576288145,1.2063755855587854
0.00010405202601300651,1.2163796240013816
0.00010505252626313157,1.2263355938027316
0.00010605302651325663,1.236243101524857
0.0001070535267633817,1.2461017556448932
0.00010805402701350675,1.255911166570563
0.00010905452726363182,1.2656709466555713
0.00011005502751375689,1.2753807102149244
0.00011105552776388194,1.2850400735401712
0.00011205602801400701,1.2946486549145677
0.00011305652826413207,1.3042060746281596
0.00011405702851425713,1.313711954992789
0.0001150575287643822,1.3231659203570196
0.00011605802901450726,1.3325675971209812
0.00011705852926463231,1.341916613751134
0.00011805902951475738,1.351212600794951
0.00011905952976488245,1.3604551908955165
0.0001200600300150075,1.369644018806045
0.00012106053026513257,1.3787787214043148
0.00012206103051525763,1.3878589377070158
0.0001230615307653827,1.3968843088840175
0.00012406203101550777,1.4058544782725468
0.0001250625312656328,1.414769091391284
0.00012606303151575787,1.4236277959543717
0.00012706353176588294,1.4324302418853339
0.000128064032016008,1.4411760813309122
0.00012906453226613307,1.449864968674812
0.00013006503251625814,1.4584965605513598
0.0001310655327663832,1.4670705158590729
0.00013206603301650825,1.475586495774139
0.00013306653326663331,1.484044163763805
0.00013406703351675838,1.4924431855996771
0.00013506753376688345,1.5007832293709276
0.00013606803401700852,1.509063965497412
0.00013706853426713358,1.517285066742694
0.00013806903451725862,1.5254462082269749
0.0001390695347673837,1.5335470674399347
0.00014007003501750876,1.541587324253476
0.00014107053526763382,1.549566660934374
0.0001420710355177589,1.557484762156833
0.00014307153576788396,1.5653413150149482
0.00014407203601800902,1.5731360090350706
0.00014507253626813406,1.5808685361880754
0.00014607303651825913,1.5885385909015364
0.0001470735367683842,1.5961458700717992
0.00014807403701850926,1.6036900730759616
0.00014907453726863433,1.6111709017837519
0.0001500750375187594,1.6185880605693108
0.00015107553776888444,1.6259412563228741
0.0001520760380190095,1.6332301984623558
0.00015307653826913457,1.6404545989448311
0.00015407703851925964,1.647614172277919
0.0001550775387693847,1.6547086355310643
0.00015607803901950977,1.661737708346719
0.0001570785392696348,1.6687011129514209
0.00015807903951975988,1.675598574166771
0.00015907953976988494,1.682429819420307
0.00016008004002001,1.6891945787562763
0.00016108054027013508,1.6958925848463027
0.00016208104052026014,1.702523572999951
0.0001630815407703852,1.7090872811751876
0.00016408204102051025,1.7155834499887346
0.00016508254127063532,1.7220118227263215
0.00016608304152076038,1.7283721453528291
0.00016708354177088545,1.7346641665223281
0.00016808404202101052,1.7408876375880131
0.00016908454227113558,1.7470423126120265
0.00017008504252126062,1.7531279483751796
0.0001710855427713857,1.7591443043865629
0.00017208604302151076,1.7650911428930496
0.00017308654327163582,1.7709682288886919
0.0001740870435217609,1.776775330124007
0.00017508754377188596,1.7825122171151555
0.000176088044022011,1.7881786631530108
0.00017708854427213606,1.793774444312117
0.00017808904452226113,1.7992993394595387
0.0001790895447723862,1.8047531302635993
0.00018009004502251126,1.8101356012025083
0.00018109054527263633,1.8154465395728807
0.0001820910455227614,1.8206857354981392
0.00018309154577288644,1.8258529819368112
0.0001840920460230115,1.8309480746907085
0.00018509254627313657,1.8359708124129972
0.00018609304652326164,1.8409209966161553
0.0001870935467733867,1.8457984316798157
0.00018809404702351177,1.850602924858497
0.0001890945472736368,1.8553342862892201
0.00019009504752376188,1.8599923289990115
0.00019109554777388694,1.8645768689122921
0.000192096048024012,1.8690877248581508
0.00019309654827413708,1.8735247185775048
0.00019409704852426215,1.877887674730144
0.0001950975487743872,1.8821764209016587
0.00019609804902451225,1.8863907876102552
0.00019709854927463732,1.8905306083134517
0.00019809904952476239,1.8945957194146597
0.00019909954977488745,1.8985859602696504
0.00020010005002501252,1.9025011731929016
0.00020110055027513759,1.9063412034638296
0.00020210105052526263,1.9101058993329032
0.0002031015507753877,1.9137951120276409
0.00020410205102551276,1.9174086957584902
0.00020510255127563783,1.920946507724588
0.0002061030515257629,1.9244084081194042
0.00020710355177588796,1.9277942601362672
0.00020810405202601303,1.9311039299737691
0.00020910455227613807,1.9343372868410542
0.00021010505252626313,1.9374942029629871
0.0002111055527763882,1.940574553585202
0.00021210605302651327,1.943578216979033
0.00021310655327663833,1.946505074446324
0.0002141070535267634,1.9493550103241202
0.00021510755377688844,1.9521279119892385
0.0002161080540270135,1.954823669862718
0.00021710855427713857,1.9574421774141502
0.00021810905452726364,1.959983331165889
0.0002191095547773887,1.9624470306971402
0.00022011005502751377,1.9648331786479296
0.0002211105552776388,1.9671416807229503
0.00022211105552776388,1.9693724456952895
0.00022311155577788895,1.971525385410033
0.00022411205602801401,1.9736004147877493
0.00022511255627813908,1.9755974518278523
0.00022611305652826415,1.97751641761184
0.00022711355677838921,1.9793572363064154
0.00022811405702851425,1.9811198351664816
0.00022911455727863932,1.9828041445380171
0.0002301150575287644,1.984410097860829
0.00023111555777888945,1.9859376316711816
0.00023211605802901452,1.987386685604307
0.0002331165582791396,1.9887572023967877
0.00023411705852926463,1.9900491278888213
0.0002351175587793897,1.9912624110263606
0.00023611805902951476,1.9923970038631305
0.00023711855927963983,1.9934528615625233
0.0002381190595297649,1.9944299423993703
0.00023911955977988996,1.9953282077615913
0.000240120060030015,1.9961476221517187
0.00024112056028014007,1.9968881531883025
0.00024212106053026513,1.9975497716071886
0.0002431215607803902,1.9981324512626757
0.00024412206103051527,1.9986361691285481
0.0002451225612806403,1.9990609052989865
0.0002461230615307654,1.9994066429893538
0.00024712356178089044,1.9996733685368582
0.00024812406203101554,1.9998610714010943
0.0002491245622811406,1.9999697441644588
0.0002501250625312656,1.9999993825324436
0.0002511255627813907,1.9999499853338054
0.00025212606303151575,1.9998215545206133
0.00025312656328164084,1.9996140951681693
0.0002541270635317659,1.9993276154748099
0.000255127563781891,1.998962126761581
0.000256128064032016,1.9985176434717908
0.00025712856428214106,1.9979941831704393
0.00025812906453226615,1.9973917665435232
0.0002591295647823912,1.99671041739722
0.0002601300650325163,1.9959501626569458
0.0002611305652826413,1.995111032366292
0.0002621310655327664,1.9941930596858375
0.00026313156578289146,1.9931962808918393
0.0002641320660330165,1.9921207353747978
0.0002651325662831416,1.9909664656379011
0.00026613306653326663,1.9897335172953443
0.0002671335667833917,1.988421939070528
0.00026813406703351676,1.9870317827941324
0.0002691345672836418,1.9855631034020687
0.0002701350675337669,1.9840159589333088
0.00027113556778389194,1.9823904105275918
0.00027213606803401703,1.9806865224230068
0.00027313656828414207,1.9789043619534559
0.00027413706853426716,1.9770439995459916
0.0002751375687843922,1.9751055087180356
0.00027613806903451724,1.9730889660744717
0.00027713856928464234,1.9709944513046196
0.0002781390695347674,1.9688220471790863
0.00027913956978489247,1.966571839546493
0.0002801400700350175,1.9642439173300854
0.0002811405702851426,1.9618383725242172
0.00028214107053526764,1.9593553001907167
0.0002831415707853927,1.956794798455128
0.0002841420710355178,1.9541569685028353
0.0002851425712856428,1.9514419145750634
0.0002861430715357679,1.948649743964758
0.00028714357178589295,1.9457805670123467
0.00028814407203601804,1.9428344971013771
0.0002891445722861431,1.9398116506540377
0.0002901450725362681,1.9367121471265565
0.0002911455727863932,1.9335361090044796
0.00029214607303651826,1.9302836617978325
0.00029314657328664335,1.9269549340361587
0.0002941470735367684,1.9235500572634412
0.00029514757378689343,1.920069166032904
0.0002961480740370185,1.9165123979016945
0.00029714857428714356,1.9128798934254492
0.00029814907453726866,1.9091717961527368
0.0002991495747873937,1.905388252619387
0.0003001500750375188,1.9015294123426996
0.00030115057528764383,1.8975954278155356
0.00030215107553776887,1.8935864545002912
0.00030315157578789397,1.8895026508227533
0.000304152076038019,1.8853441781658418
0.0003051525762881441,1.8811112008632274
0.00030615307653826914,1.8768038861928429
0.00030715357678839423,1.8724224043702675
0.00030815407703851927,1.8679669285420049
0.0003091545772886443,1.8634376347786374
0.0003101550775387694,1.858834702067869
0.00031115557778889445,1.8541583123074545
0.00031215607803901954,1.8494086502980076
0.0003131565782891446,1.8445859037357006
0.0003141570785392696,1.8396902632048455
0.0003151575787893947,1.8347219221703641
0.00031615807903951975,1.8296810769701413
0.00031715857928964485,1.8245679268072668
0.0003181590795397699,1.8193826737421634
0.000319159579789895,1.8141255226846014
0.00032016008004002,1.8087966813856011
0.00032116058029014506,1.8033963604292234
0.00032216108054027015,1.797924773224247
0.0003231615807903952,1.7923821359957375
0.0003241620810405203,1.786768667776498
0.0003251625812906453,1.7810845903984185
0.0003261630815407704,1.7753301284837062
0.00032716358179089546,1.7695055094360108
0.0003281640820410205,1.7636109634314365
0.0003291645822911456,1.757646723409447
0.00033016508254127063,1.7516130250636597
0.00033116558279139573,1.7455101068325316
0.00033216608304152077,1.7393382098899381
0.0003331665832916458,1.7330975781356406
0.0003341670835417709,1.7267884581856483
0.00033516758379189594,1.720411099362473
0.00033616808404202103,1.7139657536852766
0.0003371685842921461,1.707452675859912
0.00033816908454227117,1.7008721232688568
0.0003391695847923962,1.6942243559610424
0.00034017008504252125,1.687509636641578
0.00034117058529264634,1.6807282306613682
0.0003421710855427714,1.6738804060066286
0.0003431715857928965,1.6669664332882932
0.0003441720860430215,1.6599865857313219
0.0003451725862931466,1.6529411391639028
0.00034617308654327165,1.6458303720065537
0.0003471735867933967,1.6386545652611166
0.0003481740870435218,1.6314140024996544
0.0003491745872936468,1.6241089698532472
0.0003501750875437719,1.6167397560006795
0.00035117558779389695,1.6093066521570387
0.000352176088044022,1.6018099520622024
0.0003531765882941471,1.594249951969231
0.00035417708854427213,1.586626950632664
0.0003551775887943972,1.5789412492967072
0.00035617808904452226,1.5711931516833362
0.00035717858929464736,1.5633829639802868
0.0003581790895447724,1.5555109948289607
0.00035917958979489743,1.5475775553122246
0.00036018009004502253,1.5395829589421188
0.00036118059029514757,1.5315275216474682
0.00036218109054527266,1.5234115617613957
0.0003631815907953977,1.5152354000087458
0.0003641820910455228,1.5069993594934061
0.00036518259129564784,1.4987037656855415
0.0003661830915457729,1.4903489464087318
0.00036718359179589797,1.4819352318270158
0.000368184092046023,1.4734629544318476
0.0003691845922961481,1.4649324490289517
0.00037018509254627314,1.4563440527250966
0.00037118559279639824,1.4476981049147701
0.0003721860930465233,1.4389949472667718
0.0003731865932966483,1.4302349237107046
0.0003741870935467734,1.4214183804233882
0.00037518759379689845,1.4125456658151776
0.00037618809404702354,1.4036171305161937
0.0003771885942971486,1.3946331273624697
0.0003781890945472736,1.3855940113820044
0.0003791895947973987,1.3765001397807344
0.00038019009504752376,1.36735187192842
0.00038119059529764885,1.3581495693444365
0.0003821910955477739,1.3488935956834978
0.000383191595797899,1.339584316721277
0.000384192096048024,1.3302221003399581
0.00038519259629814906,1.3208073165136924
0.00038619309654827416,1.3113403372939822
0.0003871935967983992,1.3018215367949766
0.0003881940970485243,1.292251291178686
0.00038919459729864933,1.2826299786401218
0.0003901950975487744,1.272957979392344
0.00039119559779889946,1.2632356756514418
0.0003921960980490245,1.2534634516214256
0.0003931965982991496,1.2436416934790462
0.00039419709854927464,1.2337707893585346
0.00039519759879939973,1.2238511293362606
0.00039619809904952477,1.2138831054153205
0.0003971985992996498,1.2038671115100454
0.0003981990995497749,1.1938035434304335
0.00039919959979989994,1.1836927988665118
0.00040020010005002504,1.1735352773726158
0.0004012006003001501,1.1633313803516023
0.00040220110055027517,1.1530815110389872
0.0004032016008004002,1.1427860744870109
0.00040420210105052525,1.1324454775486295
0.00040520260130065034,1.122060128861437
0.0004062031015507754,1.111630438831522
0.0004072036018009005,1.1011568196172388
0.0004082041020510255,1.090639685112932
0.0004092046023011506,1.0800794509325715
0.00041020510255127565,1.0694765343933332
0.0004112056028014007,1.0588313544991048
0.0004122061030515258,1.048144331923926
0.0004132066033016508,1.0374158889953726
0.0004142071035517759,1.026646449677856
0.00041520760380190096,1.015836439555879
0.00041620810405202605,1.0049862858172103
0.0004172086043021511,0.9940964172360063
0.00041820910455227613,0.983167264155867
0.0004192096048024012,0.9721992584728281
0.00042021010505252627,0.9611928336182968
0.00042121060530265136,0.9501484245419192
0.0004222111055527764,0.9390664676943946
0.00042321160580290144,0.9279474010102278
0.00042421210605302653,0.9167916638904212
0.00042521260630315157,0.9055996971851149
0.00042621310655327667,0.8943719431761596
0.0004272136068034017,0.8831088455596424
0.0004282141070535268,0.871810849428351
0.00042921460730365184,0.8604784012541875
0.0004302151075537769,0.849111948870521
0.000431215607803902,0.8377119414544923
0.000432216108054027,0.8262788295092636
0.0004332166083041521,0.8148130648462136
0.00043421710855427715,0.8033151005670874
0.00043521760880440224,0.7917853910460848
0.0004362181090545273,0.7802243919119103
0.0004372186093046523,0.7686325600297638
0.0004382191095547774,0.7570103534832845
0.00043921960980490245,0.7453582315564569
0.00044022011005502755,0.7336766547154506
0.0004412206103051526,0.7219660845904324
0.0004422211105552776,0.7102269839573176
0.0004432216108054027,0.6984598167194823
0.00044422211105552776,0.6866650478894374
0.00044522261130565285,0.6748431435704441
0.0004462231115557779,0.6629945709381013
0.000447223611805903,0.6511197982218789
0.00044822411205602803,0.6392192946866165
0.00044922461230615307,0.6272935306139796
0.00045022511255627816,0.6153429772838731
0.0004512256128064032,0.6033681069558215
0.0004522261130565283,0.591369392850301
0.00045322661330665333,0.5793473091300417
0.00045422711355677843,0.5673023308812891
0.00045522761380690347,0.5552349340950322
0.0004562281140570285,0.5431455956481887
0.0004572286143071536,0.5310347932847632
0.00045822911455727864,0.518903005596967
0.00045922961480740373,0.5067507120063044
0.0004602301150575288,0.49457839274463
0.0004612306153076538,0.4823865288351666
0.0004622311155577789,0.470175602073499
0.00046323161580790395,0.45794609500853406
0.00046423211605802904,0.4456984909234302
0.0004652326163081541,0.43343327381650304
0.0004662331165582792,0.4211509283820923
0.0004672336168084042,0.40885193999141495
0.00046823411705852925,0.3965367946733793
0.00046923461730865435,0.38420597909537707
0.0004702351175587794,0.37185998054405944
0.0004712356178089045,0.35949928690607075
0.0004722361180590295,0.3471243866487764
0.0004732366183091546,0.3347357688009532
0.00047423711855927966,0.322333922933468
0.0004752376188094047,0.30991933913992986
0.0004762381190595298,0.2974925080173216
0.00047723861930965483,0.285053920646616
0.0004782391195597799,0.27260406857336444
0.00047923961980990496,0.26014344378827536
0.00048024012006003,0.2476725387077709
0.0004812406203101551,0.23519184615452698
0.00048224112056028014,0.22270185933800157
0.00048324162081040523,0.21020307183493875
0.00048424212106053027,0.1976959775698672
0.00048524262131065536,0.18518107079557963
0.0004862431215607804,0.1726588460736046
0.00048724362181090544,0.16012979825465712
0.00048824412206103054,0.14759442245908688
0.0004892446223111556,0.1350532140573103
0.0004902451225612806,0.12250666865023918
0.0004912456228114057,0.10995528204968572
0.0004922461230615308,0.09739955025878078
0.0004932466233116558,0.08483996945236755
0.0004942471235617809,0.07227703595738938
0.000495247623811906,0.05971124623328315
0.0004962481240620311,0.04714309685235852
0.0004972486243121561,0.03457308448017447
0.0004982491245622812,0.02200170585590593
0.0004992496248124062,0.00942945777272536
0.0005002501250625312,-0.003143162941838374
0.0005012506253126563,-0.01571565944553349
0.0005022511255627814,-0.0282875349010123
0.0005032516258129065,-0.04085829249547047
0.0005042521260630315,-0.053427435460280844
0.0005052526263131566,-0.06599446709062197
0.0005062531265632817,-0.0785588907651086
0.0005072536268134067,-0.09112020996541255
0.0005082541270635318,-0.10367792829589387
0.0005092546273136569,-0.11623154950320481
0.000510255127563782,-0.12878057749591135
0.0005112556278139069,-0.14132451636408874
0.000512256128064032,-0.15386287039892943
0.0005132566283141571,-0.16639514411231993
0.0005142571285642821,-0.17892084225643126
0.0005152576288144072,-0.19143946984328547
0.0005162581290645323,-0.2039505321643184
0.0005172586293146574,-0.21645353480992677
0.0005182591295647824,-0.22894798368900693
0.0005192596298149075,-0.2414333850484857
0.0005202601300650326,-0.25390924549282523
0.0005212606303151576,-0.2663750720035211
0.0005222611305652826,-0.2788303719585939
0.0005232616308154077,-0.29127465315204504
0.0005242621310655328,-0.30370742381331434
0.0005252626313156578,-0.31612819262671304
0.0005262631315657829,-0.3285364687508418
0.000527263631815908,-0.34093176183798024
0.000528264132066033,-0.35331358205346913
0.0005292646323161581,-0.36568144009507264
0.0005302651325662832,-0.3780348472123031
0.0005312656328164083,-0.39037331522574603
0.0005322661330665333,-0.4026963565463428
0.0005332666333166584,-0.4150034841946699
0.0005342671335667834,-0.42729421182017113
0.0005352676338169084,-0.4395680537203862
0.0005362681340670335,-0.45182452486014085
0.0005372686343171586,-0.4640631408907157
0.0005382691345672836,-0.4762834181689825
0.0005392696348174087,-0.4884848737765262
0.0005402701350675338,-0.5006670255387164
0.0005412706353176589,-0.5128293920437729
0.0005422711355677839,-0.5249714926617803
0.000543271635817909,-0.5370928475636929
0.0005442721360680341,-0.5491929777402839
0.000545272636318159,-0.5612714050210839
0.0005462731365682841,-0.5733276520932735
0.0005472736368184092,-0.5853612425205474
0.0005482741370685343,-0.5973717007619388
0.0005492746373186593,-0.6093585521906133
0.0005502751375687844,-0.6213213231126298
0.0005512756378189095,-0.6332595407856532
0.0005522761380690345,-0.6451727334376361
0.0005532766383191596,-0.6570604302854711
0.0005542771385692847,-0.6689221615535831
0.0005552776388194098,-0.6807574584925006
0.0005562781390695348,-0.6925658533973794
0.0005572786393196598,-0.7043468796264869
0.0005582791395697849,-0.7161000716196358
0.0005592796398199099,-0.727824964916587
0.000560280140070035,-0.7395210961754077
0.0005612806403201601,-0.7511880031907723
0.0005622811405702852,-0.7628252249122367
0.0005632816408204102,-0.7744323014624501
0.0005642821410705353,-0.7860087741553381
0.0005652826413206604,-0.7975541855142179
0.0005662831415707854,-0.8090680792898848
0.0005672836418209105,-0.8205500004786392
0.0005682841420710356,-0.8319994953402683
0.0005692846423211606,-0.8434161114159745
0.0005702851425712856,-0.8547993975462569
0.0005712856428214107,-0.8661489038887442
0.0005722861430715358,-0.8774641819359656
0.0005732866433216608,-0.8887447845330747
0.0005742871435717859,-0.8999902658955281
0.000575287643821911,-0.9112001816266911
0.0005762881440720361,-0.9223740887354055
0.0005772886443221611,-0.933511545653495
0.0005782891445722862,-0.9446121122532171
0.0005792896448224113,-0.9556753498646491
0.0005802901450725362,-0.9667008212930279
0.0005812906453226613,-0.9776880908360306
0.0005822911455727864,-0.9886367243009859
0.0005832916458229114,-0.9995462890220335
0.0005842921460730365,-1.0104163538772282
0.0005852926463231616,-1.0212464893055686
0.0005862931465732867,-1.032036267323977
0.0005872936468234117,-1.0427852615442115
0.0005882941470735368,-1.053493047189719
0.0005892946473236619,-1.0641592011124146
0.0005902951475737869,-1.074783301809407
0.000591295647823912,-1.0853649294396606
0.000592296148074037,-1.095903665840576
0.0005932966483241621,-1.106399094544525
0.0005942971485742871,-1.1168508007952997
0.0005952976488244122,-1.127258371564513
0.0005962981490745373,-1.1376213955679089
0.0005972986493246623,-1.1479394632816249
0.0005982991495747874,-1.1582121669583711
0.0005992996498249125,-1.1684391006435446
0.0006003001500750376,-1.1786198601912712
0.0006013006503251626,-1.188754043280375
0.0006023011505752877,-1.1988412494302831
0.0006033016508254128,-1.208881080016846
0.0006043021510755377,-1.218873138288089
0.0006053026513256628,-1.2288170293799001
0.0006063031515757879,-1.2387123603316224
0.000607303651825913,-1.2485587401015905
0.000608304152076038,-1.2583557795825822
0.0006093046523261631,-1.2681030916171965
0.0006103051525762882,-1.2778002910131483
0.0006113056528264132,-1.2874469945584937
0.0006123061530765383,-1.2970428210367764
0.0006133066533266634,-1.3065873912420878
0.0006143071535767885,-1.316080327994054
0.0006153076538269135,-1.3255212561527399
0.0006163081540770385,-1.33490980263348
0.0006173086543271636,-1.3442455964216122
0.0006183091545772886,-1.3535282685871468
0.0006193096548274137,-1.362757452299345
0.0006203101550775388,-1.3719327828412111
0.0006213106553276638,-1.3810538976239077
0.0006223111555777889,-1.3901204362010884
0.000623311655827914,-1.3991320402831338
0.0006243121560780391,-1.408088353751318
0.0006253126563281641,-1.4169890226718747
0.0006263131565782892,-1.4258336953099922
0.0006273136568284143,-1.434622022143704
0.0006283141570785392,-1.443353655877708
0.0006293146573286643,-1.4520282514570877
0.0006303151575787894,-1.4606454660809496
0.0006313156578289145,-1.4692049592159675
0.0006323161580790395,-1.477706392609841
0.0006333166583291646,-1.4861494303046656
0.0006343171585792897,-1.4945337386502038
0.0006353176588294147,-1.5028589863170714
0.0006363181590795398,-1.5111248443098357
0.0006373186593296649,-1.5193309859800093
0.00063831915957979,-1.5274770870389645
0.0006393196598299149,-1.535562825570744
0.00064032016008004,-1.5435878820447884
0.0006413206603301651,-1.5515519393285553
0.0006423211605802901,-1.5594546827000568
0.0006433216608304152,-1.5672957998602988
0.0006443221610805403,-1.575074980945615
0.0006453226613306654,-1.5827919185399175
0.0006463231615807904,-1.5904463076868454
0.0006473236618309155,-1.5980378459018145
0.0006483241620810406,-1.6055662331839693
0.0006493246623311656,-1.6130311720280393
0.0006503251625812907,-1.6204323674360999
0.0006513256628314157,-1.6277695269292234
0.0006523261630815408,-1.6350423605590412
0.0006533266633316658,-1.6422505809192003
0.0006543271635817909,-1.6493939031567246
0.000655327663831916,-1.6564720449832644
0.000656328164082041,-1.6634847266862607
0.0006573286643321661,-1.6704316711399896
0.0006583291645822912,-1.6773126038165227
0.0006593296648324163,-1.684127252796569
0.0006603301650825413,-1.6908753487802224
0.0006613306653326664,-1.6975566250976077
0.0006623311655827915,-1.7041708177194126
0.0006633316658329164,-1.7107176652673246
0.0006643321660830415,-1.7171969090243633
0.0006653326663331666,-1.7236082929450973
0.0006663331665832916,-1.7299515636657674
0.0006673336668334167,-1.7362264705142993
0.0006683341670835418,-1.742432765520208
0.0006693346673336669,-1.748570203424396
0.0006703351675837919,-1.754638541688846
0.000671335667833917,-1.760637540506209
0.0006723361680840421,-1.766566962809276
0.000673336668334167,-1.7724265742803478
0.0006743371685842921,-1.7782161433604984
0.0006753376688344172,-1.7839354412587198
0.0006763381690845423,-1.7895842419609664
0.0006773386693346673,-1.7951623222390882
0.0006783391695847924,-1.80066946165965
0.0006793396698349175,-1.8061054425926413
0.0006803401700850425,-1.8114700502200787
0.0006813406703351676,-1.8167630725444965
0.0006823411705852927,-1.8219843003973202
0.0006833416708354178,-1.827133527447135
0.0006843421710855428,-1.8322105502078385
0.0006853426713356679,-1.837215168046685
0.000686343171585793,-1.8421471831922087
0.0006873436718359179,-1.847006400742045
0.000688344172086043,-1.851792628670627
0.0006893446723361681,-1.8565056778367797
0.0006903451725862932,-1.861145361991189
0.0006913456728364182,-1.8657114977837648
0.0006923461730865433,-1.8702039047708878
0.0006933466733366684,-1.8746224054225364
0.0006943471735867934,-1.8789668251293052
0.0006953476738369185,-1.8832369922093055
0.0006963481740870436,-1.8874327379149476
0.0006973486743371687,-1.8915538964396097
0.0006983491745872936,-1.8956003049241927
0.0006993496748374187,-1.899571803463554
0.0007003501750875438,-1.9034682351128263
0.0007013506753376688,-1.9072894458936194
0.0007023511755877939,-1.9110352848001084
0.000703351675837919,-1.9147056038049968
0.000704352176088044,-1.918300257865368
0.0007053526763381691,-1.9218191049284192
0.0007063531765882942,-1.925262005937071
0.0007073536768384193,-1.9286288248354653
0.0007083541770885443,-1.9319194285743415
0.0007093546773386693,-1.9351336871162943
0.0007103551775887944,-1.9382714734409114
0.0007113556778389194,-1.9413326635497945
0.0007123561780890445,-1.9443171364714593
0.0007133566783391696,-1.947224774266115
0.0007143571785892947,-1.9500554620303256
0.0007153576788394197,-1.9528090879015507
0.0007163581790895448,-1.9554855430625666
0.0007173586793396699,-1.9580847217457653
0.0007183591795897949,-1.9606065212373354
0.00071935967983992,-1.9630508418813197
0.0007203601800900451,-1.9654175870835557
0.0007213606803401702,-1.96770666331549
0.0007223611805902951,-1.9699179801178759
0.0007233616808404202,-1.9720514501043485
0.0007243621810905453,-1.9741069889648772
0.0007253626813406703,-1.9760845154690971
0.0007263631815907954,-1.977983951469521
0.0007273636818409205,-1.9798052219046252
0.0007283641820910456,-1.9815482548018164
0.0007293646823411706,-1.9832129812802777
0.0007303651825912957,-1.9847993355536884
0.0007313656828414208,-1.986307254932825
0.0007323661830915458,-1.987736679828037
0.0007333666833416708,-1.9890875537516044
0.0007343671835917959,-1.9903598233199677
0.000735367683841921,-1.991553438255838
0.000736368184092046,-1.9926683513901842
0.0007373686843421711,-1.9937045186640974
0.0007383691845922962,-1.9946618991305312
0.0007393696848424212,-1.9955404549559197
0.0007403701850925463,-1.9963401514216736
0.0007413706853426714,-1.9970609569255517
0.0007423711855927965,-1.9977028429829096
0.0007433716858429215,-1.9982657842278249
0.0007443721860930466,-1.9987497584141007
0.0007453726863431716,-1.9991547464161443
0.0007463731865932966,-1.9994807322297226
0.0007473736868434217,-1.9997277029725946
0.0007483741870935468,-1.9998956488850212
0.0007493746873436718,-1.9999845633301503
0.0007503751875937969,-1.9999944427942788
0.000751375687843922,-1.9999252868869923
0.0007523761880940471,-1.9997770983411798
0.0007533766883441721,-1.9995498830129255
0.0007543771885942972,-1.9992436498812787
0.0007553776888444223,-1.9988584110478975
0.0007563781890945472,-1.9983941817365716
0.0007573786893446723,-1.9978509802926196
0.0007583791895947974,-1.9972288281821655
0.0007593796898449225,-1.996527749991289
0.0007603801900950475,-1.9957477734250546
0.0007613806903451726,-1.9948889293064167
0.0007623811905952977,-1.9939512515750015
0.0007633816908454227,-1.9929347772857664
0.0007643821910955478,-1.9918395466075338
0.0007653826913456729,-1.990665602821406
0.000766383191595798,-1.9894129923190536
0.000767383691845923,-1.9880817646008824
0.000768384192096048,-1.9866719722740764
0.0007693846923461731,-1.9851836710505215
0.0007703851925962981,-1.9836169197446003
0.0007713856928464232,-1.981971780270871
0.0007723861930965483,-1.9802483176416186
0.0007733866933466734,-1.9784465999642868
0.0007743871935967984,-1.976566698438787
0.0007753876938469235,-1.9746086873546824
0.0007763881940970486,-1.9725726440882552
0.0007773886943471736,-1.970458649099447
0.0007783891945972987,-1.9682667859286787
0.0007793896948474238,-1.9659971411935517
0.0007803901950975488,-1.9636498045854218
0.0007813906953476738,-1.961224868865858
0.0007823911955977989,-1.9587224298629733
0.000783391695847924,-1.9561425864676407
0.000784392196098049,-1.9534854406295845
0.0007853926963481741,-1.9507510973533497
0.0007863931965982992,-1.9479396646941554
0.0007873936968484243,-1.9450512537536222
0.0007883941970985493,-1.9420859786753835
0.0007893946973486744,-1.9390439566405728
0.0007903951975987995,-1.9359253078631955
0.0007913956978489244,-1.932730155585376
0.0007923961980990495,-1.929458626072488
0.0007933966983491746,-1.9261108486081664
0.0007943971985992996,-1.9226869554891968
0.0007953976988494247,-1.9191870820202865
0.0007963981990995498,-1.91561136650872
0.0007973986993496749,-1.9119599502588915
0.0007983991995997999,-1.9082329775667226
0.000799399699849925,-1.9044305957139567
0.0008004002001000501,-1.9005529549623434
0.0008014007003501751,-1.8966002085476958
0.0008024012006003002,-1.89257251267384
0.0008034017008504252,-1.8884700265064363
0.0008044022011005503,-1.884292912166695
0.0008054027013506753,-1.8800413347249667
0.0008064032016008004,-1.8757154621942185
0.0008074037018509255,-1.871315465523397
0.0008084042021010505,-1.8668415185906713
0.0008094047023511756,-1.8622937981965604
0.0008104052026013007,-1.8576724840569494
0.0008114057028514258,-1.8529777587959861
0.0008124062031015508,-1.848209807938863
0.0008134067033516759,-1.8433688199044858
0.000814407203601801,-1.8384549859980308
0.0008154077038519259,-1.8334685004033822
0.000816408204102051,-1.8284095601754566
0.0008174087043521761,-1.82327836523242
0.0008184092046023012,-1.8180751183477852
0.0008194097048524262,-1.812800025142399
0.0008204102051025513,-1.8074532940763146
0.0008214107053526764,-1.8020351364405587
0.0008224112056028014,-1.7965457663487756
0.0008234117058529265,-1.7909854007287695
0.0008244122061030516,-1.7853542593139329
0.0008254127063531767,-1.7796525646345605
0.0008264132066033016,-1.7738805420090573
0.0008274137068534267,-1.768038419535032
0.0008284142071035518,-1.7621264280802864
0.0008294147073536768,-1.7561448012736909
0.0008304152076038019,-1.7500937754959487
0.000831415707853927,-1.7439735898702606
0.0008324162081040521,-1.737784486252869
0.0008334167083541771,-1.7315267092235074
0.0008344172086043022,-1.725200506075726
0.0008354177088544273,-1.718806126807129
0.0008364182091045523,-1.712343824109489
0.0008374187093546774,-1.7058138533587612
0.0008384192096048025,-1.699216472604995
0.0008394197098549274,-1.692551942562135
0.0008404202101050525,-1.6858205265977149
0.0008414207103551776,-1.679022490722455
0.0008424212106053027,-1.6721581035797477
0.0008434217108554277,-1.6652276364350398
0.0008444222111055528,-1.6582313631651138
0.0008454227113556779,-1.6511695602472667
0.0008464232116058029,-1.6440425067483837
0.000847423711855928,-1.636850484313905
0.0008484242121060531,-1.6295937771567037
0.0008494247123561782,-1.6222726720458496
0.0008504252126063031,-1.6148874582952781
0.0008514257128564282,-1.6074384277523541
0.0008524262131065533,-1.5999258747863452
0.0008534267133566783,-1.5923500962767827
0.0008544272136068034,-1.584711391601731
0.0008554277138569285,-1.5770100626259609
0.0008564282141070536,-1.5692464136890156
0.0008574287143571786,-1.5614207515931877
0.0008584292146073037,-1.5535333855913893
0.0008594297148574288,-1.5455846273749383
0.0008604302151075538,-1.5375747910612376
0.0008614307153576789,-1.5295041931813584
0.000862431215607804,-1.5213731526675398
0.000863431715857929,-1.513181990840576
0.000864432216108054,-1.5049310313971267
0.0008654327163581791,-1.4966206003969182
0.0008664332166083042,-1.4882510262498645
0.0008674337168584292,-1.4798226397030865
0.0008684342171085543,-1.4713357738278376
0.0008694347173586794,-1.4627907640063493
0.0008704352176088045,-1.4541879479185724
0.0008714357178589295,-1.4455276655288352
0.0008724362181090546,-1.4368102590724037
0.0008734367183591797,-1.4280360730419661
0.0008744372186093046,-1.4192054541740105
0.0008754377188594297,-1.4103187514351263
0.0008764382191095548,-1.4013763160082164
0.0008774387193596798,-1.3923785012786167
0.0008784392196098049,-1.3833256628201271
0.00087943971985993,-1.374218158380968
0.0008804402201100551,-1.3650563478696371
0.0008814407203601801,-1.3558405933406905
0.0008824412206103052,-1.3465712589804284
0.0008834417208604303,-1.3372487110925129
0.0008844422211105553,-1.327873318083484
0.0008854427213606803,-1.3184454504482044
0.0008864432216108054,-1.3089654807552202
0.0008874437218609305,-1.2994337836320355
0.0008884442221110555,-1.2898507357503095
0.0008894447223611806,-1.280216715810966
0.0008904452226113057,-1.2705321045292362
0.0008914457228614307,-1.2607972846196098
0.0008924462231115558,-1.2510126407807065
0.0008934467233616809,-1.2411785596800837
0.000894447223611806,-1.2312954299389443
0.000895447723861931,-1.2213636421167913
0.0008964482241120561,-1.211383588695982
0.0008974487243621811,-1.2013556640662284
0.0008984492246123061,-1.1912802645090066
0.0008994497248624312,-1.1811577881818933
0.0009004502251125563,-1.1709886351028393
0.0009014507253626814,-1.1607732071343568
0.0009024512256128064,-1.1505119079676407
0.0009034517258629315,-1.1402051431066098
0.0009044522261130566,-1.1298533198518939
0.0009054527263631816,-1.1194568472847255
0.0009064532266133067,-1.1090161362507804
0.0009074537268634318,-1.0985315993439435
0.0009084542271135569,-1.0880036508900006
0.0009094547273636818,-1.0774327069302672
0.0009104552276138069,-1.066819185205142
0.000911455727863932,-1.0561635051376077
0.000912456228114057,-1.045466087816652
0.0009134567283641821,-1.0347273559806218
0.0009144572286143072,-1.023947734000529
0.0009154577288644323,-1.0131276478632676
0.0009164582291145573,-1.0022675251547921
0.0009174587293646824,-0.9913677950432079
0.0009184592296148075,-0.9804288882618222
0.0009194597298649325,-0.9694512370921178
0.0009204602301150575,-0.9584352753466657
0.0009214607303651826,-0.9473814383519912
0.0009224612306153076,-0.9362901629313658
0.0009234617308654327,-0.9251618873875402
0.0009244622311155578,-0.9139970514854352
0.0009254627313656829,-0.9027960964347496
0.0009264632316158079,-0.8915594648725378
0.000927463731865933,-0.8802876008457049
0.0009284642321160581,-0.8689809497934702
0.0009294647323661831,-0.8576399585297595
0.0009304652326163082,-0.8462650752255432
0.0009314657328664333,-0.8348567493911354
0.0009324662331165584,-0.8234154318584235
0.0009334667333666833,-0.8119415747630556
0.0009344672336168084,-0.8004356315265672
0.0009354677338669335,-0.7888980568384734
0.0009364682341170585,-0.7773293066382897
0.0009374687343671836,-0.7657298380975193
0.0009384692346173087,-0.7541001096015896
0.0009394697348674338,-0.7424405807317332
0.0009404702351175588,-0.7307517122468296
0.0009414707353676839,-0.7190339660651897
0.000942471235617809,-0.7072878052463129
0.000943471735867934,-0.6955136939725819
0.000944472236118059,-0.6837120975309151
0.0009454727363681841,-0.6718834822943909
0.0009464732366183092,-0.6600283157038039
0.0009474737368684342,-0.6481470662492066
0.0009484742371185593,-0.636240203451382
0.0009494747373686844,-0.624308197843301
0.0009504752376188094,-0.612351520951523
0.0009514757378689345,-0.6003706452775569
0.0009524762381190596,-0.5883660442791995
0.0009534767383691847,-0.576338192351818
0.0009544772386193097,-0.5642875648096074
0.0009554777388694348,-0.5522146378668007
0.0009564782391195598,-0.5401198886188544
0.0009574787393696848,-0.5280037950235996
0.0009584792396198099,-0.5158668358823418
0.000959479739869935,-0.5037094908209523
0.00096048024012006,-0.49153224027090886
0.0009614807403701851,-0.4793355654503052
0.0009624812406203102,-0.46711994834484455
0.0009634817408704353,-0.4548858716887857
0.0009644822411205603,-0.44263381894587
0.0009654827413706854,-0.4303642742902088
0.0009664832416208105,-0.41807772258716236
0.0009674837418709354,-0.40577464937416663
0.0009684842421210605,-0.3934555408415514
0.0009694847423711856,-0.3811208838133301
0.0009704852426213107,-0.36877116572795704
0.0009714857428714357,-0.3564068746190678
0.0009724862431215608,-0.3440284990961866
0.0009734867433716859,-0.3316365283254279
0.0009744872436218109,-0.31923145201016034
0.000975487743871936,-0.30681376037164954
0.0009764882441220611,-0.29438394412969787
0.0009774887443721862,-0.2819424944832384
0.0009784892446223113,-0.26948990309093585
0.0009794897448724364,-0.25702666205175045
0.0009804902451225612,-0.2445532638854965
0.0009814907453726863,-0.23207020151336505
0.0009824912456228114,-0.21957796823846584
0.0009834917458729365,-0.20707705772631885
0.0009844922461230616,-0.19456796398534945
0.0009854927463731867,-0.1820511813473679
0.0009864932466233116,-0.16952720444802916
0.0009874937468734367,-0.1569965282072896
0.0009884942471235618,-0.14445964780985404
0.0009894947473736869,-0.13191705868559483
0.000990495247623812,-0.11936925648998599
0.000991495747873937,-0.10681673708450877
0.0009924962481240621,-0.0942599965170582
0.000993496748374187,-0.08169953100234387
0.0009944972486243121,-0.06913583690226643
0.0009954977488744372,-0.05656941070632375
0.0009964982491245623,-0.04400074901197655
0.0009974987493746874,-0.03143034850502931
0.0009984992496248125,-0.0188587059399952
0.0009994997498749376,-0.006286318120476137
0.0010005002501250625,0.00628631812047338
0.0010015007503751876,0.018858705939992445
0.0010025012506253126,0.03143034850502655
0.0010035017508754377,0.04400074901197557
0.0010045022511255628,0.05656941070632277
0.001005502751375688,0.06913583690226545
0.001006503251625813,0.08169953100234112
0.001007503751875938,0.09425999651705722
0.001008504252126063,0.10681673708450778
0.001009504752376188,0.11936925648998324
0.0010105052526263132,0.1319170586855921
0.0010115057528764383,0.1444596478098513
0.0010125062531265634,0.15699652820728863
0.0010135067533766885,0.16952720444802818
0.0010145072536268133,0.18205118134736514
0.0010155077538769384,0.19456796398534848
0.0010165082541270635,0.20707705772631788
0.0010175087543771886,0.2195779682384631
0.0010185092546273137,0.23207020151336233
0.0010195097548774388,0.24455326388549375
0.001020510255127564,0.25702666205175123
0.0010215107553776888,0.2694899030909331
0.0010225112556278139,0.28194249448323566
0.001023511755877939,0.29438394412969515
0.001024512256128064,0.30681376037164854
0.0010255127563781892,0.31923145201015934
0.0010265132566283143,0.33163652832542695
0.0010275137568784393,0.34402849909618566
0.0010285142571285642,0.35640687461906506
0.0010295147573786893,0.3687711657279543
0.0010305152576288144,0.3811208838133274
0.0010315157578789395,0.39345554084154866
0.0010325162581290646,0.40577464937416396
0.0010335167583791897,0.4180777225871614
0.0010345172586293148,0.43036427429020957
0.0010355177588794397,0.4426338189458673
0.0010365182591295648,0.45488587168878475
0.0010375187593796898,0.4671199483448436
0.001038519259629815,0.47933556545030254
0.00103951975987994,0.4915322402709062
0.0010405202601300651,0.5037094908209514
0.0010415207603801902,0.5158668358823408
0.001042521260630315,0.5280037950235952
0.0010435217608804402,0.5401198886188519
0.0010445222611305653,0.552214637866798
0.0010455227613806904,0.5642875648096065
0.0010465232616308155,0.5763381923518188
0.0010475237618809406,0.5883660442791986
0.0010485242621310657,0.600370645277556
0.0010495247623811905,0.6123515209515203
0.0010505252626313156,0.6243081978432984
0.0010515257628814407,0.6362402034513794
0.0010525262631315658,0.648147066249204
0.001053526763381691,0.660028315703803
0.001054527263631816,0.67188348229439
0.001055527763881941,0.6837120975309159
0.001056528264132066,0.6955136939725792
0.001057528764382191,0.7072878052463119
0.0010585292646323162,0.7190339660651888
0.0010595297648824413,0.730751712246827
0.0010605302651325664,0.7424405807317324
0.0010615307653826915,0.7541001096015887
0.0010625312656328165,0.7657298380975184
0.0010635317658829414,0.7773293066382855
0.0010645322661330665,0.7888980568384708
0.0010655327663831916,0.8004356315265663
0.0010665332666333167,0.8119415747630547
0.0010675337668834418,0.8234154318584241
0.001068534267133567,0.8348567493911345
0.0010695347673836918,0.8462650752255407
0.0010705352676338169,0.857639958529757
0.001071535767883942,0.8689809497934677
0.001072536268134067,0.8802876008457025
0.0010735367683841921,0.8915594648725353
0.0010745372686343172,0.9027960964347488
0.0010755377688844423,0.9139970514854343
0.0010765382691345672,0.9251618873875378
0.0010775387693846923,0.9362901629313634
0.0010785392696348174,0.9473814383519904
0.0010795397698849425,0.9584352753466648
0.0010805402701350676,0.9694512370921154
0.0010815407703851927,0.9804288882618214
0.0010825412706353178,0.9913677950432072
0.0010835417708854427,1.0022675251547883
0.0010845422711355677,1.0131276478632654
0.0010855427713856928,1.0239477340005267
0.001086543271635818,1.034727355980621
0.001087543771885943,1.045466087816651
0.0010885442721360681,1.056163505137607
0.0010895447723861932,1.0668191852051412
0.001090545272636318,1.077432706930265
0.0010915457728864432,1.0880036508899984
0.0010925462731365683,1.0985315993439413
0.0010935467733866934,1.109016136250778
0.0010945472736368185,1.1194568472847233
0.0010955477738869436,1.129853319851893
0.0010965482741370687,1.1402051431066105
0.0010975487743871935,1.1505119079676382
0.0010985492746373186,1.1607732071343562
0.0010995497748874437,1.1709886351028387
0.0011005502751375688,1.181157788181891
0.001101550775387694,1.1912802645090044
0.001102551275637819,1.2013556640662277
0.001103551775887944,1.2113835886959814
0.001104552276138069,1.2213636421167877
0.001105552776388194,1.231295429938942
0.0011065532766383192,1.2411785596800815
0.0011075537768884443,1.2510126407807058
0.0011085542771385693,1.2607972846196092
0.0011095547773886944,1.2705321045292355
0.0011105552776388195,1.2802167158109652
0.0011115557778889444,1.2898507357503075
0.0011125562781390695,1.2994337836320335
0.0011135567783891946,1.308965480755218
0.0011145572786393197,1.3184454504482022
0.0011155577788894448,1.327873318083482
0.0011165582791395699,1.3372487110925122
0.001117558779389695,1.3465712589804288
0.0011185592796398199,1.3558405933406885
0.001119559779889945,1.3650563478696365
0.00112056028014007,1.3742181583809672
0.0011215607803901951,1.3833256628201251
0.0011225612806403202,1.3923785012786147
0.0011235617808904453,1.4013763160082158
0.0011245622811405704,1.4103187514351256
0.0011255627813906953,1.4192054541740073
0.0011265632816408204,1.4280360730419641
0.0011275637818909455,1.436810259072403
0.0011285642821410706,1.4455276655288345
0.0011295647823911957,1.454187947918573
0.0011305652826413208,1.4627907640063487
0.0011315657828914459,1.471335773827837
0.0011325662831415707,1.4798226397030847
0.0011335667833916958,1.4882510262498627
0.001134567283641821,1.4966206003969165
0.001135567783891946,1.504931031397125
0.0011365682841420711,1.5131819908405753
0.0011375687843921962,1.5213731526675391
0.0011385692846423213,1.529504193181359
0.0011395697848924462,1.5375747910612358
0.0011405702851425713,1.5455846273749376
0.0011415707853926964,1.5535333855913886
0.0011425712856428215,1.561420751593186
0.0011435717858929466,1.569246413689015
0.0011445722861430716,1.5770100626259602
0.0011455727863931967,1.5847113916017304
0.0011465732866433216,1.5923500962767798
0.0011475737868934467,1.5999258747863436
0.0011485742871435718,1.6074384277523535
0.001149574787393697,1.6148874582952775
0.001150575287643822,1.62227267204585
0.001151575787893947,1.6295937771567033
0.0011525762881440722,1.6368504843139045
0.001153576788394197,1.644042506748381
0.0011545772886443221,1.6511695602472651
0.0011555777888944472,1.6582313631651122
0.0011565782891445723,1.6652276364350382
0.0011575787893946974,1.672158103579747
0.0011585792896448225,1.6790224907224551
0.0011595797898949474,1.6858205265977133
0.0011605802901450725,1.6925519425621336
0.0011615807903951976,1.6992164726049945
0.0011625812906453227,1.7058138533587597
0.0011635817908954478,1.7123438241094877
0.0011645822911455729,1.7188061268071284
0.001165582791395698,1.7252005060757256
0.0011665832916458228,1.731526709223505
0.001167583791895948,1.7377844862528677
0.001168584292146073,1.7439735898702593
0.0011695847923961981,1.7500937754959482
0.0011705852926463232,1.7561448012736904
0.0011715857928964483,1.762126428080286
0.0011725862931465734,1.7680384195350316
0.0011735867933966983,1.7738805420090562
0.0011745872936468234,1.7796525646345591
0.0011755877938969485,1.7853542593139315
0.0011765882941470736,1.7909854007287682
0.0011775887943971987,1.7965457663487743
0.0011785892946473238,1.8020351364405582
0.0011795897948974488,1.807453294076315
0.0011805902951475737,1.812800025142398
0.0011815907953976988,1.8180751183477848
0.001182591295647824,1.8232783652324198
0.001183591795897949,1.8284095601754555
0.001184592296148074,1.833468500403381
0.0011855927963981992,1.8384549859980304
0.0011865932966483243,1.8433688199044853
0.0011875937968984492,1.8482098079388611
0.0011885942971485743,1.852977758795985
0.0011895947973986994,1.857672484056949
0.0011905952976488244,1.8622937981965602
0.0011915957978989495,1.866841518590671
0.0011925962981490746,1.8713154655233966
0.0011935967983991997,1.8757154621942183
0.0011945972986493246,1.8800413347249658
0.0011955977988994497,1.884292912166694
0.0011965982991495748,1.8884700265064354
0.0011975987993996999,1.892572512673839
0.001198599299649825,1.8966002085476956
0.00119959979989995,1.900552954962343
0.0012006003001500752,1.904430595713957
0.0012016008004002,1.9082329775667217
0.0012026013006503251,1.9119599502588913
0.0012036018009004502,1.9156113665087198
0.0012046023011505753,1.9191870820202857
0.0012056028014007004,1.922686955489196
0.0012066033016508255,1.9261108486081662
0.0012076038019009506,1.9294586260724877
0.0012086043021510755,1.9327301555853749
0.0012096048024012006,1.9359253078631948
0.0012106053026513257,1.9390439566405726
0.0012116058029014508,1.9420859786753832
0.0012126063031515759,1.9450512537536224
0.001213606803401701,1.9479396646941551
0.001214607303651826,1.9507510973533495
0.001215607803901951,1.9534854406295834
0.001216608304152076,1.95614258646764
0.0012176088044022011,1.9587224298629726
0.0012186093046523262,1.9612248688658576
0.0012196098049024513,1.9636498045854218
0.0012206103051525764,1.9659971411935515
0.0012216108054027015,1.9682667859286789
0.0012226113056528264,1.9704586490994465
0.0012236118059029515,1.972572644088255
0.0012246123061530766,1.974608687354682
0.0012256128064032016,1.9765666984387866
0.0012266133066533267,1.9784465999642866
0.0012276138069034518,1.9802483176416183
0.001228614307153577,1.981971780270871
0.0012296148074037018,1.9836169197445999
0.001230615307653827,1.985183671050521
0.001231615807903952,1.9866719722740764
0.001232616308154077,1.9880817646008822
0.0012336168084042022,1.9894129923190536
0.0012346173086543273,1.990665602821406
0.0012356178089044524,1.9918395466075338
0.0012366183091545772,1.992934777285766
0.0012376188094047023,1.9939512515750013
0.0012386193096548274,1.9948889293064165
0.0012396198099049525,1.9957477734250544
0.0012406203101550776,1.996527749991289
0.0012416208104052027,1.9972288281821655
0.0012426213106553276,1.9978509802926196
0.0012436218109054527,1.9983941817365716
0.0012446223111555778,1.9988584110478975
0.0012456228114057029,1.9992436498812787
0.001246623311655828,1.9995498830129255
0.001247623811905953,1.9997770983411798
0.0012486243121560782,1.9999252868869923
0.001249624812406203,1.9999944427942788
0.0012506253126563281,1.9999845633301503
0.0012516258129064532,1.9998956488850212
0.0012526263131565783,1.9997277029725946
0.0012536268134067034,1.9994807322297226
0.0012546273136568285,1.9991547464161443
0.0012556278139069536,1.9987497584141007
0.0012566283141570785,1.9982657842278249
0.0012576288144072036,1.9977028429829098
0.0012586293146573287,1.997060956925552
0.0012596298149074538,1.9963401514216739
0.0012606303151575789,1.9955404549559197
0.001261630815407704,1.9946618991305312
0.001262631315657829,1.9937045186640974
0.001263631815907954,1.9926683513901844
0.001264632316158079,1.991553438255838
0.001265632816408204,1.9903598233199677
0.0012666333166583292,1.9890875537516046
0.0012676338169084543,1.9877366798280371
0.0012686343171585794,1.986307254932825
0.0012696348174087045,1.9847993355536886
0.0012706353176588294,1.9832129812802781
0.0012716358179089544,1.9815482548018168
0.0012726363181590795,1.9798052219046252
0.0012736368184092046,1.9779839514695212
0.0012746373186593297,1.9760845154690976
0.0012756378189094548,1.974106988964877
0.00127663831915958,1.9720514501043487
0.0012776388194097048,1.9699179801178763
0.0012786393196598299,1.9677066633154905
0.001279639819909955,1.965417587083556
0.00128064032016008,1.9630508418813204
0.0012816408204102052,1.960606521237336
0.0012826413206603303,1.9580847217457655
0.0012836418209104554,1.9554855430625668
0.0012846423211605802,1.9528090879015512
0.0012856428214107053,1.9500554620303263
0.0012866433216608304,1.9472247742661153
0.0012876438219109555,1.94431713647146
0.0012886443221610806,1.9413326635497947
0.0012896448224112057,1.9382714734409119
0.0012906453226613308,1.935133687116295
0.0012916458229114557,1.9319194285743426
0.0012926463231615808,1.9286288248354666
0.0012936468234117059,1.9252620059370715
0.001294647323661831,1.9218191049284201
0.001295647823911956,1.9183002578653683
0.0012966483241620811,1.914705603804997
0.0012976488244122062,1.9110352848001082
0.0012986493246623311,1.9072894458936207
0.0012996498249124562,1.9034682351128265
0.0013006503251625813,1.899571803463555
0.0013016508254127064,1.895600304924194
0.0013026513256628315,1.89155389643961
0.0013036518259129566,1.8874327379149478
0.0013046523261630817,1.8832369922093053
0.0013056528264132066,1.8789668251293068
0.0013066533266633317,1.8746224054225369
0.0013076538269134567,1.8702039047708887
0.0013086543271635818,1.8657114977837652
0.001309654827413707,1.8611453619911895
0.001310655327663832,1.8565056778367808
0.0013116558279139571,1.8517926286706274
0.001312656328164082,1.8470064007420455
0.001313656828414207,1.8421471831922098
0.0013146573286643322,1.837215168046686
0.0013156578289144573,1.8322105502078387
0.0013166583291645824,1.8271335274471352
0.0013176588294147075,1.82198430039732
0.0013186593296648326,1.816763072544497
0.0013196598299149574,1.81147005022008
0.0013206603301650825,1.8061054425926424
0.0013216608304152076,1.8006694616596504
0.0013226613306653327,1.7951623222390893
0.0013236618309154578,1.7895842419609678
0.001324662331165583,1.7839354412587196
0.0013256628314157078,1.7782161433605006
0.0013266633316658329,1.772426574280349
0.001327663831915958,1.7665669628092773
0.001328664332166083,1.7606375405062094
0.0013296648324162082,1.7546385416888473
0.0013306653326663333,1.7485702034243955
0.0013316658329164583,1.7424327655202085
0.0013326663331665832,1.7362264705143007
0.0013336668334167083,1.729951563665769
0.0013346673336668334,1.7236082929450987
0.0013356678339169585,1.7171969090243637
0.0013366683341670836,1.7107176652673262
0.0013376688344172087,1.7041708177194121
0.0013386693346673338,1.6975566250976082
0.0013396698349174587,1.690875348780224
0.0013406703351675838,1.6841272527965705
0.0013416708354177089,1.6773126038165234
0.001342671335667834,1.670431671139991
0.001343671835917959,1.663484726686262
0.0013446723361680841,1.656472044983265
0.0013456728364182092,1.649393903156725
0.001346673336668334,1.642250580919202
0.0013476738369184592,1.6350423605590427
0.0013486743371685843,1.6277695269292238
0.0013496748374187094,1.6204323674361014
0.0013506753376688345,1.6130311720280397
0.0013516758379189596,1.6055662331839697
0.0013526763381690847,1.598037845901816
0.0013536768384192095,1.590446307686848
0.0013546773386693346,1.5827919185399202
0.0013556778389194597,1.5750749809456157
0.0013566783391695848,1.5672957998603003
0.00135767883941971,1.5594546827000575
0.001358679339669835,1.551551939328556
0.0013596798399199601,1.5435878820447877
0.001360680340170085,1.535562825570747
0.00136168084042021,1.5274770870389651
0.0013626813406703352,1.519330985980011
0.0013636818409204603,1.511124844309838
0.0013646823411705854,1.5028589863170725
0.0013656828414207105,1.4945337386502051
0.0013666833416708356,1.4861494303046656
0.0013676838419209604,1.4777063926098442
0.0013686843421710855,1.4692049592159682
0.0013696848424212106,1.4606454660809514
0.0013706853426713357,1.4520282514570884
0.0013716858429214608,1.4433536558777094
0.001372686343171586,1.434622022143706
0.001373686843421711,1.4258336953099924
0.0013746873436718359,1.416989022671876
0.001375687843921961,1.4080883537513194
0.001376688344172086,1.3991320402831364
0.0013776888444222112,1.390120436201089
0.0013786893446723362,1.3810538976239097
0.0013796898449224613,1.3719327828412107
0.0013806903451725864,1.3627574522993458
0.0013816908454227113,1.3535282685871488
0.0013826913456728364,1.3442455964216142
0.0013836918459229615,1.33490980263348
0.0013846923461730866,1.3255212561527414
0.0013856928464232117,1.3160803279940554
0.0013866933466733368,1.306587391242088
0.0013876938469234619,1.2970428210367777
0.0013886943471735867,1.2874469945584956
0.0013896948474237118,1.2778002910131505
0.001390695347673837,1.2681030916171971
0.001391695847923962,1.2583557795825844
0.0013926963481740871,1.2485587401015898
0.0013936968484242122,1.2387123603316226
0.0013946973486743373,1.2288170293799014
0.0013956978489244622,1.218873138288092
0.0013966983491745873,1.2088810800168488
0.0013976988494247124,1.1988412494302847
0.0013986993496748375,1.1887540432803771
0.0013996998499249626,1.1786198601912705
0.0014007003501750877,1.1684391006435455
0.0014017008504252128,1.1582121669583705
0.0014027013506753376,1.147939463281628
0.0014037018509254627,1.1376213955679098
0.0014047023511755878,1.1272583715645146
0.001405702851425713,1.1168508007953029
0.001406703351675838,1.106399094544525
0.001407703851925963,1.0959036658405776
0.001408704352176088,1.085364929439663
0.001409704852426213,1.0747833018094108
0.0014107053526763382,1.0641592011124155
0.0014117058529264633,1.0534930471897213
0.0014127063531765884,1.0427852615442121
0.0014137068534267134,1.0320362673239778
0.0014147073536768385,1.0212464893055704
0.0014157078539269634,1.0104163538772313
0.0014167083541770885,0.9995462890220381
0.0014177088544272136,0.9886367243009876
0.0014187093546773387,0.9776880908360337
0.0014197098549274638,0.9667008212930288
0.0014207103551775889,0.95567534986465
0.001421710855427714,0.9446121122532164
0.0014227113556778389,0.933511545653499
0.001423711855927964,0.9223740887354064
0.001424712356178089,0.9112001816266928
0.0014257128564282141,0.8999902658955313
0.0014267133566783392,0.8887447845330764
0.0014277138569284643,0.8774641819359673
0.0014287143571785894,0.8661489038887442
0.0014297148574287143,0.854799397546261
0.0014307153576788394,0.8434161114159754
0.0014317158579289645,0.8319994953402707
0.0014327163581790896,0.8205500004786401
0.0014337168584292147,0.8090680792898864
0.0014347173586793398,0.7975541855142204
0.0014357178589294649,0.7860087741553382
0.0014367183591795897,0.7744323014624518
0.0014377188594297148,0.7628252249122384
0.00143871935967984,0.7511880031907757
0.001439719859929965,0.7395210961754086
0.0014407203601800901,0.7278249649165895
0.0014417208604302152,0.7161000716196352
0.0014427213606803403,0.7043468796264878
0.0014437218609304652,0.692565853397382
0.0014447223611805903,0.6807574584925031
0.0014457228614307154,0.6689221615535831
0.0014467233616808405,0.6570604302854728
0.0014477238619309656,0.6451727334376396
0.0014487243621810906,0.6332595407856533
0.0014497248624312157,0.6213213231126316
0.0014507253626813406,0.609358552190616
0.0014517258629314657,0.5973717007619415
0.0014527263631815908,0.5853612425205483
0.001453726863431716,0.5733276520932762
0.001454727363681841,0.5612714050210839
0.001455727863931966,0.5491929777402847
0.0014567283641820912,0.5370928475636948
0.001457728864432216,0.5249714926617839
0.0014587293646823412,0.5128293920437764
0.0014597298649324662,0.5006670255387183
0.0014607303651825913,0.4884848737765289
0.0014617308654327164,0.4762834181689835
0.0014627313656828415,0.46406314089071665
0.0014637318659329666,0.4518245248601401
0.0014647323661830915,0.43956805372038976
0.0014657328664332166,0.4272942118201721
0.0014667333666833417,0.41500348419467176
0.0014677338669334668,0.40269635654634633
0.0014687343671835919,0.3903733152257461
0.001469734867433717,0.37803484721230496
0.001470735367683842,0.36568144009507186
0.001471735867933967,0.3533135820534736
0.001472736368184092,0.3409317618379812
0.0014737368684342171,0.3285364687508445
0.0014747373686843422,0.31612819262671404
0.0014757378689344673,0.3037074238133153
0.0014767383691845924,0.2912746531520469
0.0014777388694347175,0.27883037195859395
0.0014787393696848424,0.26637507200352295
0.0014797398699349675,0.2539092454928271
0.0014807403701850926,0.2414333850484893
0.0014817408704352177,0.2289479836890079
0.0014827413706853428,0.21645353480992774
0.0014837418709354679,0.20395053216431763
0.001484742371185593,0.19143946984328644
0.0014857428714357178,0.17892084225643312
0.001486743371685843,0.16639514411232267
0.001487743871935968,0.15386287039893307
0.001488744372186093,0.1413245163640906
0.0014897448724362182,0.12878057749591323
0.0014907453726863433,0.11623154950320491
0.0014917458729364684,0.10367792829589485
0.0014927463731865933,0.0911202099654153
0.0014937468734367184,0.07855889076511136
0.0014947473736868435,0.06599446709062295
0.0014957478739369685,0.05342743546028271
0.0014967483741870936,0.04085829249547322
0.0014977488744372187,0.02828753490101239
0.0014987493746873436,0.015715659445535355
0.0014997498749374687,0.003143162941842018
0.0015007503751875938,-0.009429457772721715
0.0015017508754377189,-0.02200170585590495
0.001502751375687844,-0.03457308448017171
0.001503751875937969,-0.04714309685235932
0.0015047523761880942,-0.059711246233282174
0.001505752876438219,-0.07227703595738662
0.0015067533766883441,-0.08483996945236391
0.0015077538769384692,-0.09739955025878069
0.0015087543771885943,-0.10995528204968386
0.0015097548774387194,-0.12250666865023555
0.0015107553776888445,-0.13505321405731022
0.0015117558779389696,-0.147594422459085
0.0015127563781890945,-0.16012979825465437
0.0015137568784392196,-0.17265884607360096
0.0015147573786893447,-0.18518107079557866
0.0015157578789394698,-0.19769597756986446
0.0015167583791895949,-0.21020307183493867
0.00151775887943972,-0.2227018593380006
0.001518759379689845,-0.23519184615452512
0.00151975987993997,-0.24767253870776726
0.001520760380190095,-0.26014344378827087
0.0015217608804402201,-0.2726040685733626
0.0015227613806903452,-0.2850539206466133
0.0015237618809404703,-0.29749250801732147
0.0015247623811905954,-0.30991933913992803
0.0015257628814407205,-0.3223339229334688
0.0015267633816908454,-0.3347357688009496
0.0015277638819409705,-0.3471243866487754
0.0015287643821910956,-0.3594992869060689
0.0015297648824412207,-0.3718599805440559
0.0015307653826913457,-0.3842059790953761
0.0015317658829414708,-0.3965367946733766
0.001532766383191596,-0.4088519399914157
0.0015337668834417208,-0.4211509283820887
0.001534767383691846,-0.4334332738165012
0.001535767883941971,-0.44569849092342756
0.001536768384192096,-0.45794609500853306
0.0015377688844422212,-0.4701756020734972
0.0015387693846923463,-0.4823865288351639
0.0015397698849424714,-0.4945783927446299
0.0015407703851925963,-0.5067507120063034
0.0015417708854427213,-0.5189030055969643
0.0015427713856928464,-0.5310347932847597
0.0015437718859429715,-0.5431455956481878
0.0015447723861930966,-0.5552349340950304
0.0015457728864432217,-0.5673023308812899
0.0015467733866933468,-0.5793473091300407
0.0015477738869434717,-0.5913693928502991
0.0015487743871935968,-0.6033681069558189
0.0015497748874437219,-0.6153429772838731
0.001550775387693847,-0.6272935306139779
0.001551775887943972,-0.639219294686614
0.0015527763881940972,-0.6511197982218788
0.0015537768884442223,-0.6629945709381004
0.0015547773886943471,-0.6748431435704423
0.0015557778889444722,-0.6866650478894339
0.0015567783891945973,-0.6984598167194814
0.0015577788894447224,-0.7102269839573151
0.0015587793896948475,-0.7219660845904299
0.0015597798899449726,-0.7336766547154505
0.0015607803901950977,-0.7453582315564551
0.0015617808904452226,-0.7570103534832819
0.0015627813906953477,-0.7686325600297595
0.0015637818909454728,-0.7802243919119094
0.0015647823911955979,-0.791785391046083
0.001565782891445723,-0.8033151005670874
0.001566783391695848,-0.8148130648462126
0.0015677838919459731,-0.826278829509261
0.001568784392196098,-0.837711941454489
0.001569784892446223,-0.8491119488705201
0.0015707853926963482,-0.8604784012541858
0.0015717858929464733,-0.8718108494283484
0.0015727863931965984,-0.8831088455596415
0.0015737868934467235,-0.894371943176158
0.0015747873936968486,-0.9055996971851156
0.0015757878939469735,-0.916791663890418
0.0015767883941970985,-0.9279474010102261
0.0015777888944472236,-0.9390664676943922
0.0015787893946973487,-0.9501484245419191
0.0015797898949474738,-0.9611928336182959
0.001580790395197599,-0.9721992584728264
0.0015817908954477238,-0.9831672641558638
0.001582791395697849,-0.9940964172360024
0.001583791895947974,-1.0049862858172087
0.001584792396198099,-1.0158364395558768
0.0015857928964482242,-1.026646449677856
0.0015867933966983493,-1.0374158889953708
0.0015877938969484744,-1.048144331923927
0.0015887943971985992,-1.0588313544991008
0.0015897948974487243,-1.0694765343933323
0.0015907953976988494,-1.08007945093257
0.0015917958979489745,-1.0906396851129292
0.0015927963981990996,-1.1011568196172379
0.0015937968984492247,-1.1116304388315195
0.0015947973986993498,-1.1220601288614376
0.0015957978989494747,-1.1324454775486257
0.0015967983991995998,-1.1427860744870093
0.0015977988994497249,-1.153081511038985
0.00159879939969985,-1.1633313803516017
0.001599799899949975,-1.1735352773726142
0.0016008004002001002,-1.1836927988665096
0.0016018009004502252,-1.1938035434304335
0.0016028014007003501,-1.2038671115100439
0.0016038019009504752,-1.2138831054153183
0.0016048024012006003,-1.2238511293362577
0.0016058029014507254,-1.2337707893585337
0.0016068034017008505,-1.2436416934790446
0.0016078039019509756,-1.2534634516214256
0.0016088044022011007,-1.263235675651441
0.0016098049024512256,-1.2729579793923427
0.0016108054027013507,-1.2826299786401196
0.0016118059029514758,-1.292251291178686
0.0016128064032016008,-1.301821536794975
0.001613806903451726,-1.3113403372939803
0.001614807403701851,-1.3208073165136924
0.0016158079039519761,-1.3302221003399572
0.001616808404202101,-1.3395843167212758
0.001617808904452226,-1.348893595683495
0.0016188094047023512,-1.3581495693444359
0.0016198099049524763,-1.367351871928418
0.0016208104052026014,-1.376500139780735
0.0016218109054527265,-1.3855940113820038
0.0016228114057028516,-1.3946331273624684
0.0016238119059529764,-1.4036171305161917
0.0016248124062031015,-1.4125456658151745
0.0016258129064532266,-1.4214183804233869
0.0016268134067033517,-1.4302349237107026
0.0016278139069534768,-1.4389949472667716
0.001628814407203602,-1.4476981049147695
0.001629814907453727,-1.4563440527250946
0.0016308154077038519,-1.4649324490289493
0.001631815907953977,-1.473462954431847
0.001632816408204102,-1.4819352318270147
0.0016338169084542272,-1.4903489464087294
0.0016348174087043523,-1.4987037656855409
0.0016358179089544774,-1.506999359493405
0.0016368184092046024,-1.5152354000087465
0.0016378189094547273,-1.5234115617613935
0.0016388194097048524,-1.531527521647467
0.0016398199099549775,-1.539582958942117
0.0016408204102051026,-1.5475775553122244
0.0016418209104552277,-1.55551099482896
0.0016428214107053528,-1.5633829639802856
0.0016438219109554779,-1.5711931516833362
0.0016448224112056028,-1.5789412492967045
0.0016458229114557279,-1.5866269506326622
0.001646823411705853,-1.5942499519692293
0.001647823911955978,-1.6018099520622018
0.0016488244122061031,-1.6093066521570376
0.0016498249124562282,-1.61673975600068
0.0016508254127063533,-1.6241089698532467
0.0016518259129564782,-1.6314140024996537
0.0016528264132066033,-1.6386545652611149
0.0016538269134567284,-1.6458303720065517
0.0016548274137068535,-1.6529411391639024
0.0016558279139569786,-1.6599865857313203
0.0016568284142071037,-1.666966433288293
0.0016578289144572288,-1.673880406006628
0.0016588294147073536,-1.6807282306613671
0.0016598299149574787,-1.687509636641576
0.0016608304152076038,-1.694224355961042
0.001661830915457729,-1.7008721232688557
0.001662831415707854,-1.7074526758599107
0.0016638319159579791,-1.7139657536852764
0.0016648324162081042,-1.7204110993624722
0.001665832916458229,-1.7267884581856467
0.0016668334167083542,-1.7330975781356388
0.0016678339169584793,-1.7393382098899377
0.0016688344172086044,-1.7455101068325307
0.0016698349174587295,-1.7516130250636597
0.0016708354177088546,-1.7576467234094464
0.0016718359179589794,-1.7636109634314356
0.0016728364182091045,-1.7695055094360095
0.0016738369184592296,-1.7753301284837062
0.0016748374187093547,-1.7810845903984178
0.0016758379189594798,-1.7867686677764967
0.001676838419209605,-1.792382135995737
0.00167783891945973,-1.7979247732242465
0.0016788394197098549,-1.803396360429222
0.00167983991995998,-1.8087966813855996
0.001680840420210105,-1.814125522684601
0.0016818409204602302,-1.8193826737421626
0.0016828414207103552,-1.824567926807267
0.0016838419209604803,-1.829681076970141
0.0016848424212106054,-1.8347219221703632
0.0016858429214607303,-1.8396902632048444
0.0016868434217108554,-1.8445859037356989
0.0016878439219609805,-1.8494086502980072
0.0016888444222111056,-1.8541583123074536
0.0016898449224612307,-1.858834702067869
0.0016908454227113558,-1.8634376347786368
0.0016918459229614809,-1.8679669285420053
0.0016928464232116058,-1.8724224043702664
0.0016938469234617308,-1.8768038861928424
0.001694847423711856,-1.8811112008632267
0.001695847923961981,-1.8853441781658404
0.0016968484242121061,-1.889502650822753
0.0016978489244622312,-1.8935864545002903
0.0016988494247123563,-1.8975954278155358
0.0016998499249624812,-1.9015294123426985
0.0017008504252126063,-1.9053882526193866
0.0017018509254627314,-1.909171796152736
0.0017028514257128565,-1.9128798934254492
0.0017038519259629816,-1.9165123979016943
0.0017048524262131067,-1.920069166032903
0.0017058529264632318,-1.923550057263441
0.0017068534267133566,-1.9269549340361574
0.0017078539269634817,-1.930283661797832
0.0017088544272136068,-1.933536109004479
0.001709854927463732,-1.9367121471265563
0.001710855427713857,-1.9398116506540373
0.001711855927963982,-1.9428344971013773
0.0017128564282141072,-1.9457805670123465
0.001713856928464232,-1.9486497439647579
0.0017148574287143572,-1.951441914575063
0.0017158579289644823,-1.9541569685028346
0.0017168584292146074,-1.9567947984551277
0.0017178589294647325,-1.9593553001907162
0.0017188594297148575,-1.9618383725242174
0.0017198599299649826,-1.9642439173300852
0.0017208604302151075,-1.9665718395464926
0.0017218609304652326,-1.9688220471790856
0.0017228614307153577,-1.9709944513046196
0.0017238619309654828,-1.9730889660744713
0.001724862431215608,-1.9751055087180351
0.001725862931465733,-1.9770439995459916
0.001726863431715858,-1.9789043619534556
0.001727863931965983,-1.9806865224230066
0.001728864432216108,-1.9823904105275914
0.0017298649324662331,-1.9840159589333086
0.0017308654327163582,-1.9855631034020684
0.0017318659329664833,-1.9870317827941324
0.0017328664332166084,-1.988421939070528
0.0017338669334667335,-1.989733517295344
0.0017348674337168584,-1.9909664656379007
0.0017358679339669835,-1.9921207353747978
0.0017368684342171086,-1.993196280891839
0.0017378689344672337,-1.9941930596858373
0.0017388694347173588,-1.9951110323662917
0.0017398699349674839,-1.9959501626569456
0.001740870435217609,-1.99671041739722
0.0017418709354677338,-1.997391766543523
0.001742871435717859,-1.9979941831704393
0.001743871935967984,-1.9985176434717908
0.0017448724362181091,-1.998962126761581
0.0017458729364682342,-1.9993276154748099
0.0017468734367183593,-1.9996140951681691
0.0017478739369684844,-1.9998215545206133
0.0017488744372186093,-1.9999499853338054
0.0017498749374687344,-1.9999993825324436
0.0017508754377188595,-1.9999697441644588
0.0017518759379689846,-1.9998610714010943
0.0017528764382191097,-1.9996733685368582
0.0017538769384692347,-1.9994066429893538
0.0017548774387193596,-1.9990609052989867
0.0017558779389694847,-1.9986361691285484
0.0017568784392196098,-1.9981324512626757
0.001757878939469735,-1.9975497716071888
0.00175887943971986,-1.9968881531883025
0.001759879939969985,-1.9961476221517187
0.0017608804402201102,-1.995328207761591
0.001761880940470235,-1.9944299423993708
0.0017628814407203602,-1.9934528615625233
0.0017638819409704853,-1.9923970038631307
0.0017648824412206103,-1.9912624110263606
0.0017658829414707354,-1.9900491278888215
0.0017668834417208605,-1.9887572023967879
0.0017678839419709856,-1.987386685604307
0.0017688844422211105,-1.9859376316711823
0.0017698849424712356,-1.9844100978608292
0.0017708854427213607,-1.9828041445380176
0.0017718859429714858,-1.9811198351664816
0.0017728864432216109,-1.9793572363064158
0.001773886943471736,-1.97751641761184
0.001774887443721861,-1.9755974518278523
0.001775887943971986,-1.9736004147877497
0.001776888444222111,-1.9715253854100334
0.0017778889444722361,-1.9693724456952901
0.0017788894447223612,-1.9671416807229507
0.0017798899449724863,-1.96483317864793
0.0017808904452226114,-1.9624470306971402
0.0017818909454727365,-1.9599833311658892
0.0017828914457228614,-1.9574421774141506
0.0017838919459729865,-1.9548236698627188
0.0017848924462231116,-1.9521279119892387
0.0017858929464732367,-1.9493550103241206
0.0017868934467233618,-1.9465050744463246
0.0017878939469734869,-1.943578216979033
0.001788894447223612,-1.9405745535852026
0.0017898949474737368,-1.9374942029629878
0.001790895447723862,-1.9343372868410553
0.001791895947973987,-1.9311039299737696
0.0017928964482241121,-1.9277942601362679
0.0017938969484742372,-1.9244084081194042
0.0017948974487243623,-1.9209465077245882
0.0017958979489744874,-1.9174086957584908
0.0017968984492246123,-1.913795112027642
0.0017978989494747374,-1.9101058993329034
0.0017988994497248625,-1.90634120346383
0.0017998999499749875,-1.9025011731929025
0.0018009004502251126,-1.8985859602696507
0.0018019009504752377,-1.8945957194146603
0.0018029014507253628,-1.8905306083134514
0.0018039019509754877,-1.8863907876102566
0.0018049024512256128,-1.8821764209016594
0.001805902951475738,-1.8778876747301447
0.001806903451725863,-1.873524718577505
0.001807903951975988,-1.8690877248581512
0.0018089044522261132,-1.8645768689122928
0.0018099049524762383,-1.8599923289990115
0.0018109054527263631,-1.8553342862892217
0.0018119059529764882,-1.8506029248584976
0.0018129064532266133,-1.8457984316798168
0.0018139069534767384,-1.8409209966161555
0.0018149074537268635,-1.8359708124129979
0.0018159079539769886,-1.830948074690708
0.0018169084542271137,-1.8258529819368114
0.0018179089544772386,-1.8206857354981398
0.0018189094547273637,-1.8154465395728816
0.0018199099549774888,-1.8101356012025098
0.0018209104552276139,-1.8047531302635995
0.001821910955477739,-1.7992993394595398
0.001822911455727864,-1.793774444312117
0.0018239119559779892,-1.7881786631530112
0.001824912456228114,-1.7825122171151564
0.0018259129564782391,-1.7767753301240083
0.0018269134567283642,-1.770968228888692
0.0018279139569784893,-1.7650911428930505
0.0018289144572286144,-1.7591443043865642
0.0018299149574787395,-1.7531279483751798
0.0018309154577288646,-1.7470423126120271
0.0018319159579789895,-1.7408876375880142
0.0018329164582291146,-1.73466416652233
0.0018339169584792397,-1.7283721453528296
0.0018349174587293648,-1.7220118227263226
0.0018359179589794898,-1.7155834499887344
0.001836918459229615,-1.7090872811751878
0.0018379189594797398,-1.702523572999952
0.001838919459729865,-1.6958925848463042
0.00183991995997999,-1.6891945787562785
0.001840920460230115,-1.6824298194203078
0.0018419209604802402,-1.6755985741667723
0.0018429214607303653,-1.668701112951421
0.0018439219609804904,-1.6617377083467197
0.0018449224612306153,-1.6547086355310656
0.0018459229614807404,-1.647614172277921
0.0018469234617308654,-1.6404545989448318
0.0018479239619809905,-1.6332301984623572
0.0018489244622311156,-1.6259412563228761
0.0018499249624812407,-1.6185880605693113
0.0018509254627313658,-1.611170901783753
0.0018519259629814907,-1.6036900730759633
0.0018529264632316158,-1.5961458700718016
0.0018539269634817409,-1.5885385909015373
0.001854927463731866,-1.5808685361880772
0.001855927963981991,-1.5731360090350706
0.0018569284642321162,-1.565341315014949
0.0018579289644822413,-1.5574847621568344
0.0018589294647323661,-1.5495666609343761
0.0018599299649824912,-1.5415873242534768
0.0018609304652326163,-1.5335470674399363
0.0018619309654827414,-1.525446208226977
0.0018629314657328665,-1.5172850667426943
0.0018639319659829916,-1.5090639654974132
0.0018649324662331167,-1.5007832293709271
0.0018659329664832416,-1.4924431855996798
0.0018669334667333667,-1.4840441637638062
0.0018679339669834918,-1.475586495774141
0.0018689344672336169,-1.467070515859073
0.001869934967483742,-1.4584965605513605
0.001870935467733867,-1.4498649686748135
0.0018719359679839921,-1.441176081330912
0.001872936468234117,-1.432430241885337
0.0018739369684842421,-1.4236277959543733
0.0018749374687343672,-1.4147690913912865
0.0018759379689844923,-1.4058544782725473
0.0018769384692346174,-1.3968843088840186
0.0018779389694847425,-1.3878589377070154
0.0018789394697348676,-1.378778721404315
0.0018799399699849925,-1.3696440188060464
0.0018809404702351176,-1.3604551908955185
0.0018819409704852426,-1.3512126007949536
0.0018829414707353677,-1.3419166137511351
0.0018839419709854928,-1.332567597120983
0.001884942471235618,-1.3231659203570194
0.001885942971485743,-1.3137119549927898
0.001886943471735868,-1.3042060746281612
0.001887943971985993,-1.2946486549145702
0.001888944472236118,-1.285040073540172
0.0018899449724862432,-1.2753807102149257
0.0018909454727363683,-1.2656709466555736
0.0018919459729864934,-1.2559111665705633
0.0018929464732366185,-1.2461017556448943
0.0018939469734867433,-1.236243101524859
0.0018949474737368684,-1.2263355938027345
0.0018959479739869935,-1.2163796240013824
0.0018969484742371186,-1.2063755855587872
0.0018979489744872437,-1.1963238738124886
0.0018989494747373688,-1.1862248859839817
0.001899949974987494,-1.1760790211629992
0.0019009504752376188,-1.165886680291753
0.0019019509754877439,-1.1556482661490848
0.001902951475737869,-1.1453641833345483
0.001903951975987994,-1.1350348382524313
0.0019049524762381192,-1.1246606390956746
0.0019059529764882443,-1.1142419958297647
0.0019069534767383693,-1.1037793201765098
0.0019079539769884942,-1.0932730255977963
0.0019089544772386193,-1.0827235272792124
0.0019099549774887444,-1.0721312421136848
0.0019109554777388695,-1.0614965886849694
0.0019119559779889946,-1.0508199872511228
0.0019129564782391197,-1.0401018597279033
0.0019139569784892448,-1.0293426296720767
0.0019149574787393697,-1.018542722264705
0.0019159579789894948,-1.007702564294309
0.0019169584792396198,-0.9968225841400432
0.001917958979489745,-0.9859032117547328
0.00191895947973987,-0.974944878647909
0.0019199599799899951,-0.9639480178687354
0.00192096048024012,-0.9529130639889076
0.001921960980490245,-0.9418404530854736
0.0019229614807403702,-0.9307306227236127
0.0019239619809904953,-0.9195840119393266
0.0019249624812406204,-0.9084010612220975
0.0019259629814907455,-0.8971822124974915
0.0019269634817408706,-0.885927909109672
0.0019279639819909954,-0.8746385958039083
0.0019289644822411205,-0.8633147187089627
0.0019299649824912456,-0.851956725319504
0.0019309654827413707,-0.8405650644783859
0.0019319659829914958,-0.8291401863589385
0.001932966483241621,-0.817682542447156
0.001933966983491746,-0.8061925855238643
0.0019349674837418709,-0.7946707696468411
0.001935967983991996,-0.7831175501328373
0.001936968484242121,-0.771533383539629
0.0019379689844922462,-0.759918727647936
0.0019389694847423713,-0.7482740414433616
0.0019399699849924964,-0.7365997850982273
0.0019409704852426215,-0.7248964199534147
0.0019419709854927463,-0.7131644085001112
0.0019429714857428714,-0.7014042143615462
0.0019439719859929965,-0.689616302274667
0.0019449724862431216,-0.6778011380717694
0.0019459729864932467,-0.6659591886621034
0.0019469734867433718,-0.6540909220133971
0.001947973986993497,-0.6421968071333919
0.0019489744872436218,-0.6302773140512841
0.0019499749874937469,-0.6183329137991639
0.001950975487743872,-0.6063640783933945
0.001951975987993997,-0.5943712808159728
0.0019529764882441221,-0.5823549949958178
0.001953976988494247,-0.5703156957900551
0.0019549774887443723,-0.5582538589652458
0.001955977988994497,-0.5461699611785975
0.0019569784892446225,-0.5340644799591053
0.0019579789894947474,-0.5219378936887074
0.0019589794897448727,-0.5097906815833533
0.0019599799899949976,-0.49762332367409395
0.0019609804902451225,-0.48543630078809125
0.0019619809904952478,-0.47323009452961307
0.0019629814907453727,-0.46100518726103273
0.001963981990995498,-0.4487620620837288
0.001964982491245623,-0.4365012028190255
0.0019659829914957477,-0.42422309398904845
0.001966983491745873,-0.41192822079758834
0.001967983991995998,-0.39961706911094014
0.001968984492246123,-0.3872901254386613
0.001969984992496248,-0.37494787691441217
0.0019709854927463734,-0.3625908112766285
0.0019719859929964983,-0.35021941684931385
0.001972986493246623,-0.3378341825226998
0.0019739869934967485,-0.3254355977339405
0.0019749874937468733,-0.31302415244778115
0.0019759879939969987,-0.3006003371371716
0.0019769884942471235,-0.28816464276391535
0.001977988994497249,-0.275717560759222
0.0019789894947473737,-0.26325958300435415
0.0019799899949974986,-0.250791201811115
0.001980990495247624,-0.23831290990244308
0.001981990995497749,-0.2258252003929333
0.001982991495747874,-0.21332856676932946
0.001983991995997999,-0.20082350287105072
0.0019849924962481243,-0.18831050287064802
0.001985992996498249,-0.1757900612543072
0.001986993496748374,-0.16326267280226922
0.0019879939969984993,-0.15072883256930916
0.0019889944972486242,-0.13818903586516945
0.0019899949974987495,-0.1256437782349649
0.0019909954977488744,-0.11309355543962825
0.0019919959979989997,-0.1005388634362905
0.0019929964982491246,-0.08798019835871002
0.0019939969984992495,-0.07541805649764527
0.001994997498749375,-0.06285293428123884
0.0019959979989994997,-0.050285328255431715
0.001996998499249625,-0.0377157350643018
0.00199799899949975,-0.02514465143046959
0.001998999499749875,-0.012572574135440379
0.002,-9.797174393178826e-16
